metric,pearson,spearman,mantel_p
pct_core,-0.000901993455952956,-0.004936279477352201,0.934
openness,0.027557884980879323,0.05931408424647289,0.124
no_core,0.07464815078995532,0.03089372362975673,0.002
no_gene_clusters,-0.05191288660125054,0.005000201975393415,0.008
avg_genes_per_genome,0.05419560264298211,0.008016213169410036,0.002
